model,roc_auc,params
Teacher-정형,0.5937126345157433,850
Teacher-그래프,0.5867590958264534,754
Student-통합인코더,0.6588495701190001,1082
